矫焙备,青沥悼,楷飞,拌,巢,咯,单捞磐扁霖老
合备,吝蕊1悼,0技-9技,0,0,0,2022-08-04
合备,吝蕊1悼,10技-19技,3,0,3,2022-08-04
合备,吝蕊1悼,20技-29技,426,163,263,2022-08-04
合备,吝蕊1悼,30技-39技,434,225,209,2022-08-04
合备,吝蕊1悼,40技-49技,248,191,57,2022-08-04
合备,吝蕊1悼,50技-59技,249,183,66,2022-08-04
合备,吝蕊1悼,60技-69技,273,160,113,2022-08-04
合备,吝蕊1悼,70技-79技,155,62,93,2022-08-04
合备,吝蕊1悼,80技-89技,77,19,58,2022-08-04
合备,吝蕊1悼,90技-99技,7,0,7,2022-08-04
合备,吝蕊1悼,100技-109技,0,0,0,2022-08-04
合备,吝蕊2悼,0技-9技,0,0,0,2022-08-04
合备,吝蕊2悼,10技-19技,11,4,7,2022-08-04
合备,吝蕊2悼,20技-29技,752,378,374,2022-08-04
合备,吝蕊2悼,30技-39技,402,278,124,2022-08-04
合备,吝蕊2悼,40技-49技,244,170,74,2022-08-04
合备,吝蕊2悼,50技-59技,258,183,75,2022-08-04
合备,吝蕊2悼,60技-69技,287,147,140,2022-08-04
合备,吝蕊2悼,70技-79技,199,54,145,2022-08-04
合备,吝蕊2悼,80技-89技,125,32,93,2022-08-04
合备,吝蕊2悼,90技-99技,11,4,7,2022-08-04
合备,吝蕊2悼,100技-109技,1,0,1,2022-08-04
合备,吝蕊3悼,0技-9技,0,0,0,2022-08-04
合备,吝蕊3悼,10技-19技,11,4,7,2022-08-04
合备,吝蕊3悼,20技-29技,551,280,271,2022-08-04
合备,吝蕊3悼,30技-39技,430,285,145,2022-08-04
合备,吝蕊3悼,40技-49技,288,193,95,2022-08-04
合备,吝蕊3悼,50技-59技,263,182,81,2022-08-04
合备,吝蕊3悼,60技-69技,209,106,103,2022-08-04
合备,吝蕊3悼,70技-79技,162,40,122,2022-08-04
合备,吝蕊3悼,80技-89技,93,25,68,2022-08-04
合备,吝蕊3悼,90技-99技,13,3,10,2022-08-04
合备,吝蕊3悼,100技-109技,0,0,0,2022-08-04
合备,吝居悼,0技-9技,0,0,0,2022-08-04
合备,吝居悼,10技-19技,11,3,8,2022-08-04
合备,吝居悼,20技-29技,266,120,146,2022-08-04
合备,吝居悼,30技-39技,230,141,89,2022-08-04
合备,吝居悼,40技-49技,198,135,63,2022-08-04
合备,吝居悼,50技-59技,249,186,63,2022-08-04
合备,吝居悼,60技-69技,231,135,96,2022-08-04
合备,吝居悼,70技-79技,127,59,68,2022-08-04
合备,吝居悼,80技-89技,80,22,58,2022-08-04
合备,吝居悼,90技-99技,14,1,13,2022-08-04
合备,吝居悼,100技-109技,0,0,0,2022-08-04
合备,烙悼,0技-9技,0,0,0,2022-08-04
合备,烙悼,10技-19技,2,1,1,2022-08-04
合备,烙悼,20技-29技,375,196,179,2022-08-04
合备,烙悼,30技-39技,414,232,182,2022-08-04
合备,烙悼,40技-49技,281,189,92,2022-08-04
合备,烙悼,50技-59技,283,161,122,2022-08-04
合备,烙悼,60技-69技,326,133,193,2022-08-04
合备,烙悼,70技-79技,210,56,154,2022-08-04
合备,烙悼,80技-89技,130,32,98,2022-08-04
合备,烙悼,90技-99技,15,1,14,2022-08-04
合备,烙悼,100技-109技,0,0,0,2022-08-04
合备,脚救悼,0技-9技,0,0,0,2022-08-04
合备,脚救悼,10技-19技,21,6,15,2022-08-04
合备,脚救悼,20技-29技,"1,039",518,521,2022-08-04
合备,脚救悼,30技-39技,866,585,281,2022-08-04
合备,脚救悼,40技-49技,548,410,138,2022-08-04
合备,脚救悼,50技-59技,637,446,191,2022-08-04
合备,脚救悼,60技-69技,590,347,243,2022-08-04
合备,脚救悼,70技-79技,308,102,206,2022-08-04
合备,脚救悼,80技-89技,232,57,175,2022-08-04
合备,脚救悼,90技-99技,17,1,16,2022-08-04
合备,脚救悼,100技-109技,0,0,0,2022-08-04
合备,侩豪悼,0技-9技,0,0,0,2022-08-04
合备,侩豪悼,10技-19技,58,26,32,2022-08-04
合备,侩豪悼,20技-29技,"2,573","1,374","1,199",2022-08-04
合备,侩豪悼,30技-39技,"1,305",858,447,2022-08-04
合备,侩豪悼,40技-49技,869,612,257,2022-08-04
合备,侩豪悼,50技-59技,"1,106",617,489,2022-08-04
合备,侩豪悼,60技-69技,884,351,533,2022-08-04
合备,侩豪悼,70技-79技,533,145,388,2022-08-04
合备,侩豪悼,80技-89技,272,61,211,2022-08-04
合备,侩豪悼,90技-99技,26,3,23,2022-08-04
合备,侩豪悼,100技-109技,1,0,1,2022-08-04
合备,款鞠1悼,0技-9技,,,,2022-08-04
合备,款鞠1悼,10技-19技,18,4,14,2022-08-04
合备,款鞠1悼,20技-29技,246,124,122,2022-08-04
合备,款鞠1悼,30技-39技,332,192,140,2022-08-04
合备,款鞠1悼,40技-49技,230,138,92,2022-08-04
合备,款鞠1悼,50技-59技,308,138,170,2022-08-04
合备,款鞠1悼,60技-69技,379,116,263,2022-08-04
合备,款鞠1悼,70技-79技,221,65,156,2022-08-04
合备,款鞠1悼,80技-89技,113,29,84,2022-08-04
合备,款鞠1悼,90技-99技,13,3,10,2022-08-04
合备,款鞠1悼,100技-109技,0,0,0,2022-08-04
合备,款鞠2悼,0技-9技,0,0,0,2022-08-04
合备,款鞠2悼,10技-19技,4,2,2,2022-08-04
合备,款鞠2悼,20技-29技,404,220,184,2022-08-04
合备,款鞠2悼,30技-39技,410,278,132,2022-08-04
合备,款鞠2悼,40技-49技,396,266,130,2022-08-04
合备,款鞠2悼,50技-59技,553,365,188,2022-08-04
合备,款鞠2悼,60技-69技,587,285,302,2022-08-04
合备,款鞠2悼,70技-79技,335,104,231,2022-08-04
合备,款鞠2悼,80技-89技,206,61,145,2022-08-04
合备,款鞠2悼,90技-99技,20,5,15,2022-08-04
合备,款鞠2悼,100技-109技,1,0,1,2022-08-04
合备,款鞠3悼,0技-9技,0,0,0,2022-08-04
合备,款鞠3悼,10技-19技,4,2,2,2022-08-04
合备,款鞠3悼,20技-29技,146,81,65,2022-08-04
合备,款鞠3悼,30技-39技,234,140,94,2022-08-04
合备,款鞠3悼,40技-49技,191,117,74,2022-08-04
合备,款鞠3悼,50技-59技,231,91,140,2022-08-04
合备,款鞠3悼,60技-69技,353,108,245,2022-08-04
合备,款鞠3悼,70技-79技,207,50,157,2022-08-04
合备,款鞠3悼,80技-89技,138,19,119,2022-08-04
合备,款鞠3悼,90技-99技,22,6,16,2022-08-04
合备,款鞠3悼,100技-109技,0,0,0,2022-08-04
合备,悼覆悼,0技-9技,0,0,0,2022-08-04
合备,悼覆悼,10技-19技,1,1,0,2022-08-04
合备,悼覆悼,20技-29技,242,135,107,2022-08-04
合备,悼覆悼,30技-39技,601,384,217,2022-08-04
合备,悼覆悼,40技-49技,574,358,216,2022-08-04
合备,悼覆悼,50技-59技,595,265,330,2022-08-04
合备,悼覆悼,60技-69技,669,234,435,2022-08-04
合备,悼覆悼,70技-79技,366,96,270,2022-08-04
合备,悼覆悼,80技-89技,188,42,146,2022-08-04
合备,悼覆悼,90技-99技,18,4,14,2022-08-04
合备,悼覆悼,100技-109技,0,0,0,2022-08-04
合备,快魂悼,0技-9技,0,0,0,2022-08-04
合备,快魂悼,10技-19技,7,4,3,2022-08-04
合备,快魂悼,20技-29技,259,117,142,2022-08-04
合备,快魂悼,30技-39技,283,176,107,2022-08-04
合备,快魂悼,40技-49技,290,203,87,2022-08-04
合备,快魂悼,50技-59技,567,359,208,2022-08-04
合备,快魂悼,60技-69技,759,348,411,2022-08-04
合备,快魂悼,70技-79技,548,184,364,2022-08-04
合备,快魂悼,80技-89技,294,47,247,2022-08-04
合备,快魂悼,90技-99技,53,5,48,2022-08-04
合备,快魂悼,100技-109技,1,0,1,2022-08-04
合备,浅氢悼,0技-9技,0,0,0,2022-08-04
合备,浅氢悼,10技-19技,5,1,4,2022-08-04
合备,浅氢悼,20技-29技,190,104,86,2022-08-04
合备,浅氢悼,30技-39技,179,112,67,2022-08-04
合备,浅氢悼,40技-49技,155,104,51,2022-08-04
合备,浅氢悼,50技-59技,275,181,94,2022-08-04
合备,浅氢悼,60技-69技,228,114,114,2022-08-04
合备,浅氢悼,70技-79技,152,52,100,2022-08-04
合备,浅氢悼,80技-89技,87,13,74,2022-08-04
合备,浅氢悼,90技-99技,13,1,12,2022-08-04
合备,浅氢悼,100技-109技,1,0,1,2022-08-04
合备,巩拳悼,0技-9技,2,1,1,2022-08-04
合备,巩拳悼,10技-19技,3,2,1,2022-08-04
合备,巩拳悼,20技-29技,354,164,190,2022-08-04
合备,巩拳悼,30技-39技,564,360,204,2022-08-04
合备,巩拳悼,40技-49技,450,315,135,2022-08-04
合备,巩拳悼,50技-59技,693,383,310,2022-08-04
合备,巩拳悼,60技-69技,923,408,515,2022-08-04
合备,巩拳悼,70技-79技,551,179,372,2022-08-04
合备,巩拳悼,80技-89技,340,71,269,2022-08-04
合备,巩拳悼,90技-99技,43,6,37,2022-08-04
合备,巩拳悼,100技-109技,0,0,0,2022-08-04
合备,巩蕊1悼,0技-9技,0,0,0,2022-08-04
合备,巩蕊1悼,10技-19技,6,2,4,2022-08-04
合备,巩蕊1悼,20技-29技,199,107,92,2022-08-04
合备,巩蕊1悼,30技-39技,259,164,95,2022-08-04
合备,巩蕊1悼,40技-49技,255,152,103,2022-08-04
合备,巩蕊1悼,50技-59技,409,190,219,2022-08-04
合备,巩蕊1悼,60技-69技,439,173,266,2022-08-04
合备,巩蕊1悼,70技-79技,238,64,174,2022-08-04
合备,巩蕊1悼,80技-89技,135,20,115,2022-08-04
合备,巩蕊1悼,90技-99技,17,5,12,2022-08-04
合备,巩蕊1悼,100技-109技,0,0,0,2022-08-04
合备,巩蕊2悼,0技-9技,0,0,0,2022-08-04
合备,巩蕊2悼,10技-19技,16,8,8,2022-08-04
合备,巩蕊2悼,20技-29技,654,322,332,2022-08-04
合备,巩蕊2悼,30技-39技,444,276,168,2022-08-04
合备,巩蕊2悼,40技-49技,355,225,130,2022-08-04
合备,巩蕊2悼,50技-59技,436,200,236,2022-08-04
合备,巩蕊2悼,60技-69技,502,157,345,2022-08-04
合备,巩蕊2悼,70技-79技,364,74,290,2022-08-04
合备,巩蕊2悼,80技-89技,220,37,183,2022-08-04
合备,巩蕊2悼,90技-99技,36,9,27,2022-08-04
合备,巩蕊2悼,100技-109技,1,0,1,2022-08-04
合备,滴鞠1悼,0技-9技,0,0,0,2022-08-04
合备,滴鞠1悼,10技-19技,9,6,3,2022-08-04
合备,滴鞠1悼,20技-29技,276,128,148,2022-08-04
合备,滴鞠1悼,30技-39技,241,154,87,2022-08-04
合备,滴鞠1悼,40技-49技,240,162,78,2022-08-04
合备,滴鞠1悼,50技-59技,361,216,145,2022-08-04
合备,滴鞠1悼,60技-69技,418,198,220,2022-08-04
合备,滴鞠1悼,70技-79技,272,94,178,2022-08-04
合备,滴鞠1悼,80技-89技,132,29,103,2022-08-04
合备,滴鞠1悼,90技-99技,17,3,14,2022-08-04
合备,滴鞠1悼,100技-109技,0,0,0,2022-08-04
合备,滴鞠2悼,0技-9技,1,1,0,2022-08-04
合备,滴鞠2悼,10技-19技,7,3,4,2022-08-04
合备,滴鞠2悼,20技-29技,393,207,186,2022-08-04
合备,滴鞠2悼,30技-39技,435,268,167,2022-08-04
合备,滴鞠2悼,40技-49技,399,278,121,2022-08-04
合备,滴鞠2悼,50技-59技,628,373,255,2022-08-04
合备,滴鞠2悼,60技-69技,716,302,414,2022-08-04
合备,滴鞠2悼,70技-79技,457,151,306,2022-08-04
合备,滴鞠2悼,80技-89技,208,53,155,2022-08-04
合备,滴鞠2悼,90技-99技,33,4,29,2022-08-04
合备,滴鞠2悼,100技-109技,0,0,0,2022-08-04
合备,滴鞠3悼,0技-9技,0,0,0,2022-08-04
合备,滴鞠3悼,10技-19技,5,4,1,2022-08-04
合备,滴鞠3悼,20技-29技,302,131,171,2022-08-04
合备,滴鞠3悼,30技-39技,333,192,141,2022-08-04
合备,滴鞠3悼,40技-49技,415,262,153,2022-08-04
合备,滴鞠3悼,50技-59技,808,457,351,2022-08-04
合备,滴鞠3悼,60技-69技,"1,280",628,652,2022-08-04
合备,滴鞠3悼,70技-79技,873,303,570,2022-08-04
合备,滴鞠3悼,80技-89技,471,88,383,2022-08-04
合备,滴鞠3悼,90技-99技,67,13,54,2022-08-04
合备,滴鞠3悼,100技-109技,0,0,0,2022-08-04
合备,伙阿悼,0技-9技,2,1,1,2022-08-04
合备,伙阿悼,10技-19技,3,2,1,2022-08-04
合备,伙阿悼,20技-29技,318,190,128,2022-08-04
合备,伙阿悼,30技-39技,365,255,110,2022-08-04
合备,伙阿悼,40技-49技,343,229,114,2022-08-04
合备,伙阿悼,50技-59技,479,296,183,2022-08-04
合备,伙阿悼,60技-69技,398,191,207,2022-08-04
合备,伙阿悼,70技-79技,195,58,137,2022-08-04
合备,伙阿悼,80技-89技,112,25,87,2022-08-04
合备,伙阿悼,90技-99技,24,2,22,2022-08-04
合备,伙阿悼,100技-109技,0,0,0,2022-08-04
合备,老邦悼,0技-9技,0,0,0,2022-08-04
合备,老邦悼,10技-19技,4,1,3,2022-08-04
合备,老邦悼,20技-29技,443,228,215,2022-08-04
合备,老邦悼,30技-39技,527,309,218,2022-08-04
合备,老邦悼,40技-49技,532,286,246,2022-08-04
合备,老邦悼,50技-59技,696,326,370,2022-08-04
合备,老邦悼,60技-69技,483,166,317,2022-08-04
合备,老邦悼,70技-79技,302,55,247,2022-08-04
合备,老邦悼,80技-89技,224,40,184,2022-08-04
合备,老邦悼,90技-99技,29,10,19,2022-08-04
合备,老邦悼,100技-109技,1,0,1,2022-08-04
合备,概邦悼,0技-9技,1,0,1,2022-08-04
合备,概邦悼,10技-19技,1,0,1,2022-08-04
合备,概邦悼,20技-29技,209,97,112,2022-08-04
合备,概邦悼,30技-39技,252,145,107,2022-08-04
合备,概邦悼,40技-49技,177,107,70,2022-08-04
合备,概邦悼,50技-59技,245,104,141,2022-08-04
合备,概邦悼,60技-69技,275,90,185,2022-08-04
合备,概邦悼,70技-79技,153,46,107,2022-08-04
合备,概邦悼,80技-89技,132,19,113,2022-08-04
合备,概邦悼,90技-99技,24,2,22,2022-08-04
合备,概邦悼,100技-109技,1,0,1,2022-08-04
合备,坷摹1悼,0技-9技,2,1,1,2022-08-04
合备,坷摹1悼,10技-19技,11,6,5,2022-08-04
合备,坷摹1悼,20技-29技,428,236,192,2022-08-04
合备,坷摹1悼,30技-39技,418,263,155,2022-08-04
合备,坷摹1悼,40技-49技,380,276,104,2022-08-04
合备,坷摹1悼,50技-59技,616,383,233,2022-08-04
合备,坷摹1悼,60技-69技,481,250,231,2022-08-04
合备,坷摹1悼,70技-79技,233,72,161,2022-08-04
合备,坷摹1悼,80技-89技,128,21,107,2022-08-04
合备,坷摹1悼,90技-99技,21,3,18,2022-08-04
合备,坷摹1悼,100技-109技,1,0,1,2022-08-04
合备,坷摹2悼,0技-9技,2,1,1,2022-08-04
合备,坷摹2悼,10技-19技,5,4,1,2022-08-04
合备,坷摹2悼,20技-29技,452,216,236,2022-08-04
合备,坷摹2悼,30技-39技,491,284,207,2022-08-04
合备,坷摹2悼,40技-49技,460,308,152,2022-08-04
合备,坷摹2悼,50技-59技,736,408,328,2022-08-04
合备,坷摹2悼,60技-69技,875,427,448,2022-08-04
合备,坷摹2悼,70技-79技,499,180,319,2022-08-04
合备,坷摹2悼,80技-89技,327,58,269,2022-08-04
合备,坷摹2悼,90技-99技,60,4,56,2022-08-04
合备,坷摹2悼,100技-109技,1,0,1,2022-08-04
合备,籍邦悼,0技-9技,0,0,0,2022-08-04
合备,籍邦悼,10技-19技,0,0,0,2022-08-04
合备,籍邦悼,20技-29技,50,23,27,2022-08-04
合备,籍邦悼,30技-39技,60,42,18,2022-08-04
合备,籍邦悼,40技-49技,56,43,13,2022-08-04
合备,籍邦悼,50技-59技,139,96,43,2022-08-04
合备,籍邦悼,60技-69技,195,114,81,2022-08-04
合备,籍邦悼,70技-79技,97,28,69,2022-08-04
合备,籍邦悼,80技-89技,91,18,73,2022-08-04
合备,籍邦悼,90技-99技,13,2,11,2022-08-04
合备,籍邦悼,100技-109技,0,0,0,2022-08-04
合备,扒邦悼,0技-9技,0,0,0,2022-08-04
合备,扒惫悼,10技-19技,2,2,0,2022-08-04
合备,扒惫悼,20技-29技,452,280,172,2022-08-04
合备,扒惫悼,30技-39技,596,407,189,2022-08-04
合备,扒惫悼,40技-49技,475,322,153,2022-08-04
合备,扒惫悼,50技-59技,537,336,201,2022-08-04
合备,扒惫悼,60技-69技,484,258,226,2022-08-04
合备,扒惫悼,70技-79技,238,85,153,2022-08-04
合备,扒惫悼,80技-89技,173,20,153,2022-08-04
合备,扒惫悼,90技-99技,25,0,25,2022-08-04
合备,扒惫悼,100技-109技,1,0,1,2022-08-04
合备,剧魂悼,0技-9技,1,0,1,2022-08-04
合备,剧魂悼,10技-19技,15,3,12,2022-08-04
合备,剧魂悼,20技-29技,867,450,417,2022-08-04
合备,剧魂悼,30技-39技,"1,184",825,359,2022-08-04
合备,剧魂悼,40技-49技,"1,103",735,368,2022-08-04
合备,剧魂悼,50技-59技,"1,124",605,519,2022-08-04
合备,剧魂悼,60技-69技,932,400,532,2022-08-04
合备,剧魂悼,70技-79技,504,135,369,2022-08-04
合备,剧魂悼,80技-89技,292,54,238,2022-08-04
合备,剧魂悼,90技-99技,50,7,43,2022-08-04
合备,剧魂悼,100技-109技,1,0,1,2022-08-04
合备,脚侩悼,0技-9技,1,0,1,2022-08-04
合备,脚侩悼,10技-19技,6,4,2,2022-08-04
合备,脚侩悼,20技-29技,432,243,189,2022-08-04
合备,脚侩悼,30技-39技,870,553,317,2022-08-04
合备,脚侩悼,40技-49技,853,539,314,2022-08-04
合备,脚侩悼,50技-59技,656,301,355,2022-08-04
合备,脚侩悼,60技-69技,514,180,334,2022-08-04
合备,脚侩悼,70技-79技,231,63,168,2022-08-04
合备,脚侩悼,80技-89技,92,18,74,2022-08-04
合备,脚侩悼,90技-99技,4,2,2,2022-08-04
合备,脚侩悼,100技-109技,0,0,0,2022-08-04
